term,entropy
##와 ##의,7.578974624427682
##와 ##는,7.400470597016048
##이 ##자,6.935379517767557
##이 ##라는,6.924268779922217
##에서 ##의,6.857848841758668
##하 ##고,6.805694279249581
##이 ##며,6.748122473402611
##만 ##을,6.687932935110919
##보다 ##는,6.684661396106697
##들 ##을,6.681373470169492
##하 ##는,6.680994741979571
##에서 ##는,6.675089917519511
##하 ##여,6.674611497152369
##하 ##거나,6.671039992924584
##이 ##기,6.651066461241131
##이 ##었 ##던,6.622526515902672
##에서 ##도,6.6166778796567325
##하 ##면서,6.600931648127071
##하 ##기,6.596867818280004
##과 ##의,6.593480025476041
##에 ##만,6.543063102860547
##들 ##이,6.542386834299748
##임 ##에 ##도,6.5057702971610745
##이 ##기 ##도,6.4881099798891135
##들 ##에,6.479950712565178
##답 ##게,6.478690598723199
##했 ##다고,6.469782511997774
##했 ##다는,6.454509134081455
##같 ##은,6.4461926710443045
##초등 ##학교,6.444289368477734
##와 ##도,6.433206977257026
##들 ##과,6.424783362080163
##하 ##게,6.405036978933993
##하 ##며,6.3845718275524845
##이 ##라,6.364467451804797
##에서 ##만,6.3395326316569225
##였 ##던,6.306683169317641
##했 ##던,6.289320445117414
##이 ##지만,6.277241990588663
##하 ##지,6.265151999421886
##들 ##로,6.262173494419509
##이 ##라고,6.258497743953773
##들 ##은,6.253009186851683
##로서 ##의,6.22704523731608
##하 ##다,6.225641133660668
##하 ##던,6.214481117805249
##뿐 ##만,6.212146380680863
##임 ##을,6.207317507933869
##하 ##기 ##로,6.196577090993401
##과 ##는,6.188861280658772
##했 ##고,6.1849369240534475
##하 ##기 ##도,6.161715181290932
##이 ##란,6.159475398945316
##이 ##므로,6.153472006565623
##이 ##긴,6.104359828760278
##이 ##다,6.099537836566607
##하 ##려고,6.089551761935397
##용 ##으로,6.088430104526933
##함 ##과,6.065138398398268
##하 ##려는,6.061706760055463
##하 ##다가,6.043046983960594
##되 ##어,6.0394056944495444
##호 ##로,6.027949648701412
##했 ##을,6.022698458290512
##들 ##도,6.015927278337631
##했 ##기,6.012664046765467
##했 ##지만,6.006563915302111
##들 ##의,5.999082555647718
##들 ##과 ##는,5.99550783458718
##만 ##이,5.97923235888924
##만큼 ##은,5.974957284937925
##인데 ##도,5.972599510466082
##하 ##는 ##데,5.944350769027151
##하 ##려,5.939343877009123
##으로 ##만,5.934572526058918
##이 ##니,5.920800931240366
##하 ##였 ##고,5.904057620213867
##이 ##든,5.892937465922784
##이 ##라도,5.884208360711004
##되 ##고,5.859820522134969
##이 ##라서,5.856980399558924
##하 ##지만,5.853766044504167
##했 ##는데,5.839747490960436
##로 ##만,5.832816155272006
##하 ##겠 ##다고,5.829538213181404
##들 ##처럼,5.824466931033903
##에 ##는,5.819170140935194
##등 ##의,5.817892959859547
##급 ##의,5.815286827985647
##이 ##기에,5.81308433591452
##조차 ##도,5.809719153929919
##하 ##겠 ##다는,5.793659413391389
##만 ##으로,5.7877555882089915
##했 ##다가,5.785735219155969
##하 ##지 ##는,5.777498999622084
##하 ##면서 ##도,5.772469943898159
##하 ##도록,5.767429884614753
##쪽 ##으로,5.753193521568791
##보다 ##도,5.752285366420035
##하 ##는 ##게,5.744333422853267
##들 ##만,5.739930597491362
##하 ##자,5.7177171519496035
##에게 ##는,5.711006674275798
##함 ##으로써,5.710063560630047
##하 ##기 ##에,5.708816943250071
##인 ##데 ##다가,5.706974850594039
##하 ##라고,5.70657799958777
##이 ##면서,5.699411083241565
##들 ##에게,5.694646372520399
##되 ##기,5.685444235903055
##들 ##이나,5.68378952775685
##되 ##는,5.681301991219757
##함 ##에,5.677778439440998
##이 ##었 ##다는,5.674810051553791
##시키 ##고,5.6723331819441345
##으로서 ##의,5.669880269350078
##과 ##도,5.665082740842832
##했 ##다,5.660249382296633
##이 ##었 ##지만,5.6508659457758315
##계 ##의,5.6437313249455245
##로 ##의,5.629607564821552
##하 ##라는,5.62220160725553
##하 ##고자,5.616644762659884
##이 ##다 ##보 ##니,5.615869895553863
##되 ##지,5.615424813038132
##이 ##라면,5.604935530450798
##중 ##에,5.599644531991217
##들 ##인,5.590558340993835
##만 ##은,5.583896008353741
##에게 ##도,5.579659936654337
##인 ##만큼,5.575728489058466
##에 ##도,5.5753609248153895
##이 ##었 ##다고,5.568902342768013
##할 ##때,5.568824805597558
##되 ##었 ##다는,5.567920337538899
##하 ##긴,5.566448698378496
##적 ##인,5.561609400951599
##되 ##었 ##다고,5.561512296408773
##함 ##을,5.552613985667656
##시키 ##는,5.535522716531474
##되 ##었 ##고,5.535340287800231
##이 ##고,5.5346376337544445
##하 ##기 ##는,5.530179419580021
##하 ##는데,5.521889550465343
##되 ##며,5.519424520243494
##하 ##였으며,5.50827429164906
##이 ##기 ##에,5.507518998435543
##했 ##기 ##에,5.502027377576362
##했 ##음 ##에 ##도,5.49340910586874
##되 ##면서,5.488270860334646
##하 ##자는,5.488058508481893
##하 ##였 ##다고,5.4879638017254635
##이 ##었 ##고,5.478001659763335
##들 ##보다,5.474539872203604
##등 ##이,5.466816614972072
##되 ##거나,5.45643146503408
##적 ##이 ##고,5.448146096675158
##할 ##수,5.447245430567898
##했 ##다면,5.442539420995779
##하 ##면,5.441768729075275
##이 ##었 ##으며,5.437760868753144
##되 ##어서,5.431792118375335
##하 ##지 ##도,5.428346245164861
##기 ##를,5.4262515830822
##하 ##니,5.426174073509176
##에서 ##나,5.423482652190733
##화 ##를,5.4209176974283695
##이 ##였 ##던,5.41754811926998
##이 ##었 ##기,5.414815893957441
##로 ##도,5.4118002021187
##이 ##야,5.410525981153333
##답 ##지,5.401593446588812
##하 ##기 ##까지,5.390024870209383
##화 ##가,5.386229480211119
##에 ##까지,5.377841880865926
##들 ##까지,5.376062998073019
##이 ##면,5.3660165206387225
##하 ##러,5.365998269792971
##함 ##으로,5.362566003808176
##이 ##었 ##으나,5.358123208813344
##하 ##진,5.356706900812333
##이 ##었 ##는데,5.354231688525071
##이 ##가,5.3515143362151925
##이 ##었 ##을,5.347368101427019
##성 ##의,5.345243123347916
##별 ##로,5.324247314258066
##시키 ##기,5.322904947222997
##이 ##라고 ##도,5.312468234034433
##되 ##었 ##을,5.310226366127568
##되 ##었 ##지만,5.293821009911091
##점 ##으로,5.290509201858917
##이 ##의,5.289133905288369
##들 ##과 ##의,5.2884942003362925
##하 ##려면,5.285335505223681
##함 ##으로서,5.268856276806628
##이 ##거나,5.26588902779928
##로 ##는,5.259641412842687
##한 ##게,5.254247255794384
##되 ##기 ##도,5.2513586852158385
##되 ##었 ##기,5.249817274660656
##만큼 ##이나,5.237550295758536
##형 ##의,5.235900451509394
##해 ##주 ##는,5.23520968631144
##당하 ##는,5.230841375382722
##표 ##를,5.2280428083920505
##으로서 ##는,5.2275677657282955
##하 ##기 ##만,5.219980648766315
##이 ##던,5.219546940060554
##에게 ##만,5.20902031200925
##하 ##므로,5.2032716117975255
##기 ##만,5.202142924274527
##이 ##라고 ##는,5.199748253935609
##되 ##었 ##으나,5.197635566416498
##했 ##다며,5.189879821554974
##하 ##고 ##도,5.187850962678244
##하 ##자고,5.183886647265884
##화 ##에서 ##는,5.182384365306446
##인 ##듯,5.178077573761623
##당하 ##고,5.176785950163648
##에서 ##조차,5.175098131226218
##되 ##었 ##던,5.171861987356368
##이 ##어서,5.171796052954482
##함 ##이,5.169992257053095
##해야 ##만,5.168287840481922
##이 ##기 ##는,5.163665901517261
##번 ##과,5.15729761573874
##화 ##에,5.157094075300089
##하 ##였 ##지만,5.150211297189706
##급 ##으로,5.137743999947201
##인 ##줄,5.1375491778134545
##하 ##기 ##가,5.133816132851515
##하 ##는 ##건,5.132664150437836
##기 ##와,5.131366187288773
##되 ##자,5.12648864049368
##이 ##니 ##만큼,5.121220770595682
##하 ##다 ##보 ##니,5.120769881817266
##화 ##에서,5.1192632120824335
##해 ##버린,5.1178719683593155
##되 ##었 ##으며,5.112996427440451
##해 ##버리 ##는,5.110820760728355
##되 ##어야,5.1069666041812525
##이 ##었 ##기 ##에,5.105072084123175
##하 ##여야,5.1049818272015255
##중 ##인,5.092536905841692
##하 ##려던,5.090275168946778
##형 ##으로,5.089660421968608
##만큼 ##의,5.0857996646073005
##쪽 ##에,5.085121420896963
##로써 ##의,5.081723938147453
##하 ##였 ##는데,5.081369276170045
##임 ##이,5.076218380969274
##해 ##온,5.072404158747031
##하 ##나,5.063791445371124
##했 ##는지,5.063366989275796
##화 ##는,5.056333924476904
##이 ##를,5.05323383486282
##년 ##에,5.052251446939395
##팀 ##이,5.045072601505254
##화 ##의,5.04189744810293
##하 ##기 ##에 ##는,5.041799003523773
##하 ##느라,5.04168632283283
##되 ##면,5.038716064287647
##들 ##중,5.037407542094344
##성 ##과,5.031764167470763
##하 ##였으나,5.031279352651449
##만 ##으로 ##는,5.0274688696906935
##화 ##와,5.024013347548936
##등 ##을,5.023857811472041
##로서 ##는,5.022579768910254
##해 ##줄,5.0180980694651955
##이 ##었 ##다면,5.01447019986002
##기 ##가,5.014142673990492
##들 ##에서,5.008004089979581
##까지 ##는,4.999608615124417
##번 ##이,4.991052328047527
##인 ##걸,4.990021872703749
##부터 ##가,4.989768415755971
##시키 ##면,4.988121351859897
##하 ##더라도,4.987520018067369
##군 ##을,4.985138784673167
##군 ##의,4.979405669401514
##되 ##었 ##다가,4.976603690386379
##적 ##으로,4.976302547545778
##쪽 ##에서,4.975067153353942
##화 ##로,4.971393613481357
##성 ##에,4.970971385561745
##등 ##으로,4.968919956302583
##해 ##달 ##라고,4.9575661361592225
##했 ##음 ##을,4.957324674910202
##이 ##는,4.953813362636854
##성 ##으로,4.953149812837101
##였 ##다는,4.9470280292811255
##이 ##와,4.945332001571172
##하 ##였 ##던,4.945268440938527
##치 ##고 ##는,4.944012025239221
##들 ##에게 ##도,4.94297257834068
##되 ##지만,4.938778334940928
##이 ##니까,4.938182660115277
##하 ##는 ##것 ##이,4.93799847187066
##에게 ##로,4.936780679473948
##하 ##는 ##걸,4.928928913381564
##였 ##기,4.92807085667678
##이 ##건,4.925249934150677
##들 ##로부터,4.922602611888616
##형 ##이,4.9214382415333
##제 ##를,4.915131936837465
##한 ##데 ##다,4.914485011097507
##시 ##의,4.911977121074612
##인데 ##다,4.907781499718554
##쪽 ##이,4.898055620561124
##하 ##기 ##를,4.895253263612217
##시키 ##려,4.892831290557313
##시 ##에 ##는,4.886589155728046
##해 ##지 ##는,4.8812058688606434
##성 ##을,4.877504164217656
##안 ##에,4.875642508655738
##들 ##한테,4.875056002221568
##이 ##라며,4.874642145653293
##까지 ##만,4.866083306383029
##시키 ##거나,4.8634575805847104
##하 ##였 ##다는,4.863126265262226
##화 ##된,4.85208912731952
##기 ##의,4.851524607702131
##해 ##주 ##면,4.848810659571572
##한 ##뒤,4.844221900862006
##측 ##의,4.843038029274916
##부터 ##는,4.8336221886369
##스 ##의,4.828954023016291
##이 ##었 ##다가,4.828893870380378
##함 ##은,4.828840158094951
##권 ##과,4.827957256606688
##점 ##이,4.827818279200203
##인지 ##는,4.827259806033851
##하 ##다는,4.821468687858768
##권 ##을,4.820876779846461
##받 ##아,4.815104030006192
##측 ##에서,4.8148424450616
##되 ##었 ##는데,4.813505924966377
##되 ##지 ##는,4.812724265342602
##하 ##듯이,4.812670861690594
##적 ##이 ##며,4.812611907857022
##되 ##던,4.808991440909414
##하 ##려다,4.808613065578012
##일 ##을,4.802774514405134
##해 ##준,4.802092664834914
##되 ##므로,4.802016696596198
##되 ##는 ##데,4.801262711782358
##기 ##나,4.80028014640829
##되 ##긴,4.799996287931703
##덱 ##이,4.7980260845069225
##뿐 ##만 ##이,4.797432279430182
##덕 ##에,4.794672906349172
##팀 ##과,4.794666937763969
##일 ##이,4.790854096172588
##들 ##과 ##도,4.790312809154104
##만 ##도,4.788898107953977
##들 ##에게 ##는,4.783919088747115
##년 ##의,4.781952839693094
##들 ##이 ##라,4.781710568784291
##해 ##달 ##라는,4.77636232252619
##권 ##의,4.773809370082626
##시키 ##지,4.7725897208842705
##화 ##에선,4.772429285666944
##기 ##는,4.772110626105426
##였 ##지만,4.770389063043861
##자체 ##가,4.767461016055035
##했었 ##던,4.76618818764282
##류 ##의,4.764642050465999
##으로 ##는,4.758949911199829
##권 ##은,4.75787537679965
##상 ##의,4.755349776722452
##까지 ##도,4.753886165082458
##하 ##다고,4.750606148475243
##해 ##가 ##며,4.7469097152693225
##지 ##는,4.746032047854466
##면 ##에서,4.744823168516819
##되 ##었 ##다,4.743937529105746
##하고 ##는,4.7423975076847675
##군 ##이,4.7417576412940985
##자 ##로,4.74095144932311
##이 ##라면서,4.740175697105245
##받 ##은,4.737062808914331
##판 ##을,4.73679909930396
##해 ##주 ##고,4.734101934268905
##쪽 ##은,4.733135134398386
##지역 ##의,4.728465997872656
##적 ##이 ##라는,4.728235978277016
##년 ##까지,4.724443583679504
##됐 ##다는,4.723858327923605
##해 ##지 ##고,4.722350188707241
##모드 ##로,4.72019056115205
##측 ##은,4.718303460977103
##역 ##에서,4.717939761970861
##팀 ##을,4.716371287789387
##간 ##의,4.715997409093378
##까지 ##의,4.7113221050932665
##이 ##여서,4.70962944558636
##번 ##으로,4.707447730911039
##계 ##에,4.707068450516367
##인 ##데 ##다,4.705154404231856
##하 ##였을,4.704788015550101
##수 ##가,4.700847470044913
##권 ##이,4.691829803676768
##하 ##였 ##기,4.690171741227112
##상 ##으로,4.688447906039953
##덕분 ##에,4.685140858375629
##지 ##도,4.684382982119087
##받 ##을,4.683841136695016
##됐 ##고,4.68296468648168
##되 ##어 ##있 ##는,4.680079488369122
##기 ##로,4.679893400314687
##군 ##과,4.67838963347869
##으로써 ##의,4.675375800784079
##상 ##을,4.674608648813683
##급 ##은,4.672190004382775
##됐 ##다고,4.67148937254996
##에 ##나,4.669614921053315
##해야 ##하 ##는,4.666117120714481
##지 ##를,4.664121940623465
##지역 ##에,4.663989537293117
##이 ##었 ##음 ##을,4.662133072346385
##없 ##는,4.6589517011563455
##해 ##보이 ##는,4.658663610983739
##하 ##겠 ##다며,4.6582414163721815
##능력 ##을,4.657134231831318
##덱 ##의,4.653774393528842
##되 ##었 ##기 ##에,4.652003068220741
##카드 ##를,4.65004709084119
##할 ##수 ##도,4.64802370214251
##시키 ##면서,4.645028725575961
##효과 ##를,4.6431126097445174
##할 ##만 ##한,4.642652719292696
##이 ##어도,4.640022477657369
##하 ##는 ##것 ##도,4.639618591654112
##이 ##라는 ##게,4.637224081739193
##했 ##을 ##때,4.636391819057701
##번 ##을,4.634477994041436
##하 ##기 ##엔,4.631787606437659
##자 ##가,4.630301255260272
##에서 ##처럼,4.629878293548915
##들 ##에게서,4.629465093174769
##치고 ##는,4.629005211933074
##사 ##의,4.627847052263968
##들 ##조차,4.627771128331561
##했 ##거나,4.626903933163864
##형 ##과,4.625270265087742
##급 ##이,4.623771217291361
##됐 ##을,4.620651657199458
##시간 ##을,4.6177905720857195
##이 ##라기 ##보다 ##는,4.617565851328158
##등 ##에,4.6167827901326985
##한 ##듯,4.61615382832944
##팀 ##은,4.615604233406614
##시키 ##려고,4.610260069484643
##됐 ##던,4.609762847260597
##전 ##의,4.606543530923863
##역 ##을,4.604820241434735
##효과 ##가,4.6039321457492735
##하 ##는지,4.603723168706132
##수 ##는,4.603103980195555
##이 ##라기,4.6024283588500605
##로 ##와,4.598302485307773
##팀 ##의,4.595555305381626
##됨 ##에,4.595452426663285
##으로 ##도,4.593393657155363
##되 ##도록,4.591963895177975
##만 ##의,4.590562974789157
##지역 ##에서,4.5901579536882355
##적 ##으로 ##도,4.586208213970211
##이 ##랍시고,4.582641575381262
##계 ##를,4.581843734251368
##였 ##기 ##에,4.581503320470395
##들 ##마저,4.581429852525407
##문제 ##가,4.580384105561281
##당하 ##면서,4.578761704982602
##시키 ##려는,4.577717029333164
##로서 ##도,4.577653328433596
##일지 ##도,4.577305402706259
##하 ##든,4.5771386023110745
##되 ##기 ##에,4.573190455043486
##능력 ##이,4.572671009333009
##시켰 ##고,4.568052696808102
##했 ##는데 ##도,4.5676990765364565
##하 ##는가,4.5663317477978165
##판 ##이,4.566016417971781
##이 ##었 ##다,4.563771021242725
##에서 ##까지,4.563396003994619
##계 ##에서,4.563259643024932
##팀 ##으로,4.561820397223754
##하 ##기 ##보다 ##는,4.560978881275371
##왕 ##의,4.560720099283993
##시키 ##는 ##데,4.559895094244631
##들 ##이 ##라는,4.557951557769637
##문제 ##로,4.557022097240348
##과정 ##에서,4.555821732457973
##하 ##기 ##위해,4.5548503689254805
##당하 ##며,4.554734161557191
##계 ##와,4.553178885979614
##됐 ##지만,4.5529765497093235
##족 ##의,4.549734922729433
##하 ##듯,4.549361965051727
##측 ##이,4.548213569337312
##하 ##는 ##것 ##을,4.546068402722257
##되 ##니,4.545803538725743
##스 ##를,4.544359244471301
##대 ##는,4.544301434972728
##하 ##는 ##등,4.536566991639207
##들 ##에 ##는,4.536310471055086
##화 ##한,4.532089174084015
##이 ##라지만,4.530280275407179
##임 ##은,4.529025595947567
##는 ##게,4.525526018263096
##주 ##의,4.522106599136393
##에 ##의,4.515588461194836
##스 ##는,4.511734431934481
##해야 ##할,4.510683302259213
##년 ##부터,4.509030877488733
##번 ##길,4.507002247558365
##한 ##데,4.506984448245526
##들 ##이 ##라고,4.505788386150224
##되 ##어도,4.505544238067403
##해 ##놓 ##고,4.505387744549425
##문제 ##를,4.504590344585146
##장치 ##를,4.503486331376482
##시켰 ##다는,4.502954880835684
##중 ##이 ##던,4.502365020897074
##되 ##는데,4.502239771930669
##시키 ##기 ##도,4.501035718210974
##판 ##에,4.50096102561436
##이 ##에게,4.50033922921198
##계 ##가,4.500004530269399
##지역 ##을,4.499175487737717
##들 ##보다 ##도,4.497301139175282
##함 ##의,4.496719505838038
##물 ##을,4.495481413981383
##과 ##에,4.494772030020161
##형 ##인,4.490893888942577
##되 ##게,4.489899541684873
##기 ##까지,4.488798413827471
##당하 ##게,4.485372075855755
##전 ##에서,4.48438041299921
##대 ##의,4.479245340694908
##하 ##니까,4.479069367981684
##때문 ##에,4.474989134917196
##형 ##을,4.474474771188916
##해 ##왔 ##던,4.474239712359259
##식 ##의,4.471513668628224
##류 ##는,4.470934726150752
##들 ##이랑,4.46911012118375
##기 ##라는,4.466943559206174
##들 ##끼리,4.4666354973445195
##계 ##는,4.466430718638392
##하 ##려다가,4.463351616295824
##론 ##을,4.462713812509461
##쪽 ##의,4.461316095879263
##되 ##었 ##다면,4.461293654411493
##적 ##이 ##라,4.460773849874887
##스킬 ##을,4.460071773468365
##활동 ##을,4.459055750046707
##하 ##라,4.45652274589336
##해 ##버리 ##고,4.4538302983873885
##중 ##의,4.453703561655679
##번 ##은,4.452532855896363
##즈 ##가,4.452006149422597
##당하 ##기,4.450347311745741
##시 ##가,4.449603667061234
##시 ##에,4.447974853929965
##작업 ##을,4.446801691102581
##형 ##은,4.445843349801583
##이 ##더라도,4.444152524218642
##였 ##다면,4.441747369152417
##이 ##면서 ##도,4.441638186068771
##들 ##보다 ##는,4.4373954734530665
##씨 ##가,4.436696444879299
##되 ##나,4.433773381459072
##자 ##를,4.432945113197101
##전 ##에서 ##도,4.430907109626972
##지역 ##으로,4.430496566777053
##일 ##은,4.428812525579634
##등 ##에서,4.428685309553545
##군 ##은,4.428583574381695
##모드 ##를,4.425264914145536
##되 ##는 ##게,4.424313238688465
##되 ##기 ##는,4.422459806038907
##한 ##걸,4.421256213623044
##즈 ##의,4.421051572426767
##적 ##이 ##라고,4.420938637432509
##덱 ##에,4.420104401854308
##명 ##으로,4.419772724650114
##하 ##였 ##기 ##에,4.419719437604852
##받 ##고,4.417891559794981
##이 ##였으나,4.413399542843885
##함 ##에 ##도,4.413128128704475
##한테 ##도,4.41294888774891
##성 ##에서,4.412068122998861
##한테 ##는,4.411697664662798
##위 ##에서,4.411509606267264
##측 ##에,4.410765232469418
##이 ##였 ##지만,4.409546717225543
##는 ##건,4.4094054968624405
##후 ##에,4.407895883292094
##했 ##으면,4.406659260511515
##들 ##만 ##이,4.402958971008806
##기능 ##이,4.399685460617442
##덱 ##을,4.398754706449469
##병 ##이,4.398112525270291
##등 ##과,4.3967352920604705
##모드 ##가,4.392704856113411
##일 ##때,4.392082082166107
##되 ##었 ##음 ##을,4.3898439568351675
##영상 ##을,4.389813151344401
##거리 ##가,4.389540467417951
##공격 ##을,4.387998493184182
##인 ##을,4.386980760296979
##하 ##고서,4.386221143783507
##경기 ##에,4.3837720871723995
##풍 ##의,4.383757538437298
##로 ##까지,4.383527814284314
##되 ##었 ##는지,4.383429437183859
##화 ##되 ##어,4.380850064493841
##하 ##라며,4.3807088961114236
##시키 ##며,4.380273410395245
##전 ##에,4.379326956068568
##값 ##을,4.378664153596267
##하 ##더니,4.37191534958963
##하 ##다며,4.3709843866103375
##해 ##줘야,4.369330168975957
##시 ##에서,4.369003797190894
##판 ##은,4.368880311465988
##탄 ##을,4.367487440326971
##지 ##가,4.367400616882136
##하 ##되,4.367341369699069
##받 ##게,4.366004629430459
##들 ##에겐,4.365875257849032
##시켰 ##다고,4.364353784162231
##몬 ##의,4.3635960526060105
##상태 ##로,4.3621977143036
##는 ##걸,4.361460562626954
##부 ##를,4.359854056927572
##자 ##와,4.3596369011373595
##하 ##는 ##데 ##도,4.359017609538599
##상태 ##에서,4.356493187909937
##당하 ##지,4.356477602147964
##화 ##에서 ##도,4.35590106888078
##하 ##는 ##데 ##에,4.355485584703609
##점 ##을,4.351539584347198
##랑 ##은,4.349606432280595
##이 ##였 ##고,4.348610361152406
##장 ##으로,4.348380855959631
##형태 ##로,4.347739697542858
##할 ##때 ##도,4.346277254688785
##적 ##이,4.345468400469991
##한 ##후,4.345453524332776
##시 ##에 ##도,4.345098602284471
##카드 ##가,4.34296513774853
##거리 ##는,4.342664690396082
##카드 ##로,4.340338846723851
##사업 ##을,4.339182064868022
##되 ##기 ##까지,4.338565130093098
##나 ##가,4.337771343108766
##때 ##와,4.33691836553498
##년 ##생 ##으로,4.329818199362825
##계열 ##의,4.327563762163068
##당하 ##여,4.325867856404162
##받 ##는,4.324800632184851
##점 ##의,4.324715789084461
##한 ##것 ##으로,4.323192144890403
##하 ##신,4.321709113799271
##내 ##에서,4.321456402767525
##속 ##에,4.3191016042056365
##하 ##여서,4.3167001902657045
##해 ##버리 ##면,4.315569240664911
##하 ##였 ##다,4.314621971261272
##한 ##것 ##이,4.313221119782709
##고등학교 ##를,4.308229525230827
##년 ##경,4.308185764993213
##씨 ##는,4.307601612238663
##술 ##을,4.307466823202005
##해 ##주 ##며,4.307356428437525
##명 ##을,4.305576647102881
##였 ##다고,4.303782855362776
##판 ##의,4.300267172773082
##되 ##었 ##음 ##에 ##도,4.300101528315255
##론 ##이,4.29710199322284
##이 ##라곤,4.2948795929430865
##율 ##이,4.2937474917722485
##시키 ##자,4.293169695299905
##상 ##에,4.29261750358265
##면 ##에서 ##는,4.290392975418286
##년 ##도 ##에,4.29013493502815
##이 ##랑,4.288842635306823
##덱 ##에서,4.288213981856667
##역할 ##을,4.287492091657679
##씨 ##의,4.285896907576734
##격 ##인,4.285030592750469
##적 ##이 ##지,4.284909763263978
##씨 ##와,4.284569751104204
##형 ##에,4.283774176124131
##할 ##시,4.280927509222051
##곡 ##으로,4.280505817324524
##키 ##와,4.280185550109289
##기준 ##으로,4.279255500791126
##게임 ##이,4.277806020121879
##파 ##는,4.277457089924153
##고등학교 ##가,4.275614532891892
##할지 ##도,4.275127385348045
##키 ##의,4.274660022941485
##카 ##의,4.273699486523921
##이 ##기 ##때문 ##에,4.273401941726043
##전 ##에서 ##는,4.273245179311375
##계획 ##을,4.272588173997773
##권 ##에서,4.271171203884215
##해 ##주 ##기,4.271135975346542
##측 ##에서 ##는,4.270318080242687
##들 ##에 ##도,4.269826971014642
##용 ##으로 ##는,4.269774873295207
##초등 ##학교 ##가,4.267843803540883
##카 ##와,4.267780987270653
##덱 ##은,4.267630311339012
##기 ##라도,4.267115784465675
##안 ##에서,4.267029448502157
##장치 ##가,4.265720519196415
##해 ##지 ##기,4.265693208471273
##아 ##는,4.263950787250611
##하 ##는 ##것 ##으로,4.260651326045395
##시 ##를,4.259738745198132
##기간 ##이,4.259301563443444
##인 ##들 ##이,4.2575143973605405
##번 ##에서,4.2569054571466545
##적 ##이 ##지만,4.255661501553377
##상태 ##가,4.253638775600619
##하 ##게끔,4.252993088836961
##용 ##의,4.248300663743168
##에 ##선,4.247492665851939
##대 ##에서,4.247110978878518
##왕 ##이,4.246134111204461
##성 ##이나,4.24284459335095
##론 ##의,4.241367561059714
##으로 ##까지,4.241339454494739
##해 ##주 ##면서,4.241165885742195
##에서 ##야,4.240744508662672
##이 ##란 ##게,4.23815794231828
##하 ##는 ##것 ##은,4.237658959322796
##이 ##었 ##으니,4.236684414899739
##고등학교 ##와,4.236618343046799
##제 ##와,4.235979349125015
##층 ##을,4.234533671065374
##코 ##의,4.234117953116976
##자체 ##는,4.233494632141955
##즈 ##를,4.233488089695791
##맨 ##을,4.23348132349123
##기 ##도,4.232312981842553
##때 ##부터,4.2318467838943254
##형 ##이 ##라,4.231639126379672
##도 ##의,4.23120841478413
##인 ##게,4.23067409467662
##급 ##인,4.229614639476144
##중 ##에 ##는,4.229462257850985
##게임 ##을,4.2288707623322965
##다 ##를,4.22851621023688
##이 ##냐,4.227321261598764
##방송 ##을,4.226243337338946
##년 ##과,4.2247363463400935
##수 ##를,4.224417242236508
##레벨 ##이,4.221397971590712
##이 ##였 ##다고,4.220877503015924
##중 ##에서,4.2201277598506595
##법 ##을,4.219210774817474
##위원회 ##의,4.219094715017543
##형태 ##의,4.21562484364276
##자 ##의,4.213249979601725
##몬 ##을,4.21272982757663
##적 ##으로 ##는,4.212463414056061
##드 ##는,4.212437407959009
##석 ##을,4.211808631490885
##분 ##을,4.2113271421965
##류 ##를,4.2103596033869195
##만 ##이라도,4.208971047520969
##년 ##에 ##는,4.208934412413449
##공격 ##에,4.208058944763973
##여자 ##고등학교,4.207543888091749
##해 ##봤 ##자,4.2066792683510466
##나 ##의,4.205439035558408
##점 ##에,4.2050021334043395
##하 ##는지라,4.204129149410389
##할지 ##는,4.203822074287469
##법 ##에,4.203404664403893
##탓 ##에,4.203008964572477
##해 ##주 ##기 ##도,4.202578461277542
##때 ##는,4.198790454571957
##에서 ##든,4.198283977890304
##대 ##와,4.198020784456235
##임 ##과,4.197968304763352
##용 ##으로 ##도,4.1957228333169
##거리 ##를,4.195549318187555
##인 ##의,4.195273122842793
##질 ##을,4.19515430998781
##됨 ##과,4.193130829207945
##치 ##고,4.192219214025503
##만 ##원,4.192181883703557
##했 ##기에,4.191982838557511
##화 ##하 ##여,4.191589171662057
##로 ##나,4.190077300176526
##사 ##는,4.189519586715945
##장 ##에,4.189478211938596
##카 ##를,4.187791481741121
##됨 ##으로써,4.187342335085302
##마법 ##을,4.184822342207772
##분 ##에,4.184155766660625
##에서 ##와,4.184126176491731
##해 ##놓 ##은,4.183790172522089
##자 ##라는,4.1835723259691395
##에게 ##까지,4.181531745028738
##이 ##에,4.180221505960582
##조 ##에,4.180207989147023
##몬 ##이,4.180108761674211
##시즌 ##에 ##는,4.179476471199331
##시간 ##은,4.178871579739301
##년 ##에서,4.178767465642993
##하 ##는 ##데 ##다,4.178214346584832
##정도 ##의,4.177141834000795
##수치 ##가,4.1766021099709345
##템 ##을,4.175936664291898
##병 ##을,4.175783090838282
##상 ##으로 ##는,4.1736290979496475
##할 ##때 ##마다,4.1734863978238605
##직 ##을,4.172871945622718
##무기 ##를,4.172591108959814
##이 ##었 ##음 ##에 ##도,4.171533829877011
##이 ##었 ##으면,4.170965627687954
##수 ##도,4.170927526994858
##속 ##에서,4.1702846226852435
##시장 ##을,4.168077634818509
##했었 ##고,4.167797648168489
##들 ##로 ##만,4.166977935162943
##되 ##진,4.166642358628476
##했었 ##다고,4.166039252986012
##하 ##는 ##듯,4.165539461941761
##장 ##은,4.164161162283995
##하 ##는 ##데 ##는,4.16317273525376
##표 ##로,4.162428189099984
##대 ##를,4.162395411152272
##했 ##다면서,4.161001276911777
##기능 ##을,4.15980869701444
##파 ##의,4.158788552800725
##자 ##는,4.1587664874755665
##점 ##과,4.158111246121293
##해 ##본,4.156669867886969
##되 ##었 ##으니,4.154302440921318
##되 ##지 ##도,4.1539712693689035
##들 ##이 ##기,4.151210108066541
##지역 ##이,4.150315736577034
##들 ##이 ##지만,4.150213199194834
##화 ##까지,4.149974200343459
##했 ##는지 ##는,4.149890960696981
##정도 ##로,4.148978257777071
##초 ##로,4.148958962677025
##몬 ##과,4.147686557008429
##시켰 ##던,4.147571980254109
##조 ##의,4.146547641861904
##제 ##의,4.146038550507162
##족 ##이,4.145003333467719
##미 ##를,4.144234015721229
##권 ##으로,4.143237611431152
##회 ##에서,4.142746848959894
##이 ##로,4.141014979758025
##하 ##시 ##는,4.139619529833637
##년 ##으로,4.138929499272409
##위원회 ##에서,4.138629412290236
##위원회 ##를,4.138620091387573
##시 ##로,4.137860457216531
##공격 ##이,4.137295338993864
##세 ##로,4.137222597783766
##즈 ##에,4.137105165116513
##년 ##식,4.137052372110311
##시켰 ##을,4.135904399174352
##시간 ##의,4.135573294144104
##건 ##을,4.135036358499117
##받 ##기,4.134269953645106
##화 ##도,4.1342691189806935
##사 ##가,4.1339294913497
##순 ##으로,4.133780679425879
##카 ##가,4.133680213253734
##집 ##에서,4.132351748280493
##시간 ##에,4.131220919209007
##적 ##일,4.129818594253993
##도 ##는,4.128921545358405
##대 ##가,4.128540735875957
##파 ##를,4.12642719391215
##인 ##들 ##은,4.124730180998265
##함 ##도,4.124501246930879
##인지 ##도,4.12359392609711
##부대 ##를,4.1224452034280405
##장 ##이,4.122160749354515
##라인 ##을,4.12194519273401
##과정 ##을,4.121218030299559
##부분 ##을,4.119972116397944
##카드 ##는,4.119758586664195
##류 ##와,4.119559437240372
##집 ##을,4.119291178795746
##모양 ##의,4.1183484158071
##점 ##에서,4.117785236405274
##할 ##만큼,4.116599532990914
##까지 ##를,4.115881203181899
##글 ##이,4.115078002493516
##만 ##으로 ##도,4.114913514026768
##코 ##가,4.113882857705778
##했었 ##는데,4.113700416559418
##하 ##냐며,4.11364571009841
##인 ##것,4.113559168847703
##계 ##로,4.113176979758442
##론 ##에,4.113095094625279
##부대 ##의,4.113052761906255
##석 ##으로,4.112147703925068
##당했 ##을,4.111365868006254
##년 ##생,4.110166695563928
##작전 ##을,4.109778956998702
##적 ##이 ##었 ##던,4.109727814280795
##들 ##간 ##의,4.109579157568907
##명 ##에,4.109216741641814
##판 ##에서,4.107622169918334
##이 ##냐고,4.107500722271586
##시 ##엔,4.1067722785623415
##부대 ##가,4.106763574284912
##스 ##에,4.106763452821307
##했 ##음 ##이,4.105975862416334
##인 ##것 ##을,4.102354481786032
##중학교 ##로,4.102323966986587
##부 ##가,4.102311045715352
##시 ##와,4.102029273243225
##아 ##를,4.101865050523419
##밖 ##에,4.101586652135393
##물 ##로,4.101296843508444
##명 ##의,4.100806933573952
##상태 ##의,4.100673519392051
##받 ##았 ##다고,4.100264331543795
##영상 ##이,4.10020679115212
##초 ##에서,4.09998912072587
##마을 ##을,4.099329368735299
##인 ##들 ##의,4.099099742151504
##코 ##를,4.098261077837582
##기 ##에,4.098260684337406
##받 ##지,4.0966212990616
##족 ##과,4.09636095186493
##류 ##가,4.0946969126615285
##판 ##으로,4.093790916340013
##명 ##이,4.091623391935449
##물 ##이,4.090408003794252
##수 ##와,4.090191627143776
##년 ##도,4.0894028793068316
##생활 ##을,4.089341299700852
##글 ##을,4.0884401743890555
##시설 ##이,4.088191111202516
##화 ##되 ##면서,4.087214433539443
##건 ##의,4.086388103865997
##급 ##에,4.085525438253098
##경기 ##를,4.083721248728327
##율 ##은,4.080574298411987
##씨 ##를,4.079232258498587
##급 ##을,4.07731686014223
##적 ##으로 ##나,4.075855174693244
##역 ##의,4.075479061975328
##시키 ##기 ##로,4.07375452260885
##살 ##이,4.073684808086404
##시설 ##을,4.07322987958167
##장비 ##를,4.073093084876817
##군 ##에게,4.072803972604697
##하 ##고는,4.071978692375286
##작 ##을,4.071946933158287
##채 ##로,4.071603554865438
##권 ##도,4.071138624686788
##스 ##가,4.071127636891485
##당하 ##자,4.0699607399189075
##에서 ##만큼 ##은,4.068431638759982
##인 ##이,4.068302293549906
##내 ##에,4.066597029978989
##로부터 ##의,4.065939584153061
##으로서 ##도,4.06588119028224
##급 ##과,4.065793417166481
##으로써 ##는,4.065118760488386
##차 ##가,4.065076836809258
##하 ##였 ##다가,4.065008814754223
##였 ##는데,4.0641856579702145
##즈 ##와,4.062360166170836
##고 ##도,4.062265569805248
##나 ##에,4.0605397999603445
##팀 ##에서,4.05940709819807
##년 ##을,4.059346107255701
##용 ##이,4.059272566619542
##이 ##었 ##음 ##이,4.059257030197507
##트 ##는,4.058239491118874
##해야 ##한다는,4.057029199827788
##는 ##거,4.057025364013256
##조각 ##을,4.056748563244494
##팬 ##들 ##의,4.056047186704506
##수준 ##으로,4.055307448654959
##소스 ##를,4.053420126397697
##했 ##단,4.053285500972926
##되 ##다,4.053253718941704
##해 ##가 ##면서,4.052046221307331
